"Data Source","World Development Indicators",

"Country Name","Country Code","Indicator Name","Indicator Code","1960","1961","1962","1963","1964","1965","1966","1967","1968","1969","1970","1971","1972","1973","1974","1975","1976","1977","1978","1979","1980","1981","1982","1983","1984","1985","1986","1987","1988","1989","1990","1991","1992","1993","1994","1995","1996","1997","1998","1999","2000","2001","2002","2003","2004","2005","2006","2007","2008","2009","2010","2011","2012","2013",
"Aruba","ABW","GNI per capita, PPP (current international $)","NY.GNP.PCAP.PP.CD","","","","","","","","","","","","","","","","","","","","","","","","","","","","","","","","","","","","","","","","","","","","","","","","","","","","","","",
"Andorra","AND","GNI per capita, PPP (current international $)","NY.GNP.PCAP.PP.CD","","","","","","","","","","","","","","","","","","","","","","","","","","","","","","","","","","","","","","","","","","","","","","","","","","","","","","",
"Afghanistan","AFG","GNI per capita, PPP (current international $)","NY.GNP.PCAP.PP.CD","","","","","","","","","","","","","","","","","","","","","","","","","","","","","","","","","","","","","","","","","","","870","920","920","1020","1080","1230","1270","1500","1610","1700","1930","",
"Angola","AGO","GNI per capita, PPP (current international $)","NY.GNP.PCAP.PP.CD","","","","","","","","","","","","","","","","","","","","","","","","","","","","","","","2190","2190","1520","1140","910","1530","1800","2050","2100","2020","2190","2290","2690","2820","3080","3570","4260","5320","5720","6200","6230","6270","6720","",
"Albania","ALB","GNI per capita, PPP (current international $)","NY.GNP.PCAP.PP.CD","","","","","","","","","","","","","","","","","","","","","","","","","","","","","","","2710","1930","1800","2100","2370","2810","3150","2890","3290","3670","4080","4530","4730","5140","5610","6120","6920","7380","8350","8690","8480","9070","9280","",
"Arab World","ARB","GNI per capita, PPP (current international $)","NY.GNP.PCAP.PP.CD","","","","","","","","","","","","","","","","","","","","","","","","","","","","","","","6727.21190671893","7083.32265232584","7386.46451524583","7531.77771076882","7666.34418464258","7834.36852394574","8123.99978444889","8394.92931023885","8684.13018590185","8733.11039990623","9080.70994798134","9354.49460924345","9408.56412060269","9993.36305922901","10784.6264397481","11582.8555643308","12581.4456436321","13268.7100702275","14018.2631998003","14020.4994202826","14522.0332421101","15152.2264757095","","",
"United Arab Emirates","ARE","GNI per capita, PPP (current international $)","NY.GNP.PCAP.PP.CD","","","","","","","","","","","","","","","","","","","","","","","","","","","","","","","","","","","","","","","","","","90860","88250","92890","96800","93410","90460","81540","71660","60590","56260","56390","58090","",
"Argentina","ARG","GNI per capita, PPP (current international $)","NY.GNP.PCAP.PP.CD","","","","","","","","","","","","","","","","","","","","","","","","","","","","","","","","","","","","","","","","","","","","","","","","","","","","","","",
"Armenia","ARM","GNI per capita, PPP (current international $)","NY.GNP.PCAP.PP.CD","","","","","","","","","","","","","","","","","","","","","","","","","","","","","","","2330","2230","1130","1180","1420","1580","1780","1960","2080","2190","2380","2690","3120","3630","4120","4850","5720","6680","7390","6280","6620","7180","7780","",
"American Samoa","ASM","GNI per capita, PPP (current international $)","NY.GNP.PCAP.PP.CD","","","","","","","","","","","","","","","","","","","","","","","","","","","","","","","","","","","","","","","","","","","","","","","","","","","","","","",
"Antigua and Barbuda","ATG","GNI per capita, PPP (current international $)","NY.GNP.PCAP.PP.CD","","","","","","","","","","","","","","","","","","","","","","","","","","","","","","","9670","10530","10790","11630","12270","11680","12010","13030","13440","13820","14240","14240","14380","15560","16530","18070","20940","23310","23400","20550","19240","18740","19320","",
"Australia","AUS","GNI per capita, PPP (current international $)","NY.GNP.PCAP.PP.CD","","","","","","","","","","","","","","","","","","","","","","","","","","","","","","","16840","17140","17600","18760","19670","20350","21320","22150","23550","24540","25630","26740","27980","28950","30360","31320","32840","34820","35850","38670","37440","40000","42540","",
"Austria","AUT","GNI per capita, PPP (current international $)","NY.GNP.PCAP.PP.CD","","","","","","","","","","","","","","","","","","","","","","","","","","","","","","","19180","20190","20920","21360","22230","23130","24220","24730","25870","26700","28450","28440","30090","31020","32590","33300","36220","37560","39690","38890","40430","42600","43850","",
"Azerbaijan","AZE","GNI per capita, PPP (current international $)","NY.GNP.PCAP.PP.CD","","","","","","","","","","","","","","","","","","","","","","","","","","","","","","","","","","3370","2720","2410","2430","2630","2900","3110","3350","3710","4130","4650","5110","6290","8580","10570","12320","13730","14620","14590","14860","",
"Burundi","BDI","GNI per capita, PPP (current international $)","NY.GNP.PCAP.PP.CD","","","","","","","","","","","","","","","","","","","","","","","","","","","","","","","670","710","720","680","650","600","550","550","580","570","580","580","590","570","590","610","640","670","690","690","710","730","750","",
"Belgium","BEL","GNI per capita, PPP (current international $)","NY.GNP.PCAP.PP.CD","","","","","","","","","","","","","","","","","","","","","","","","","","","","","","","18650","19630","20300","20700","21930","22810","23250","24320","24810","25850","28310","29000","30450","30760","31510","32400","34560","35960","37560","36670","38900","40210","40680","",
"Benin","BEN","GNI per capita, PPP (current international $)","NY.GNP.PCAP.PP.CD","","","","","","","","","","","","","","","","","","","","","","","","","","","","","","","860","900","900","950","950","1000","1030","1080","1110","1150","1200","1270","1290","1320","1360","1400","1450","1520","1580","1580","1590","1640","1710","",
"Burkina Faso","BFA","GNI per capita, PPP (current international $)","NY.GNP.PCAP.PP.CD","","","","","","","","","","","","","","","","","","","","","","","","","","","","","","","540","590","590","610","610","640","710","750","790","830","840","890","920","980","1030","1120","1200","1240","1300","1310","1390","1430","1550","",
"Bangladesh","BGD","GNI per capita, PPP (current international $)","NY.GNP.PCAP.PP.CD","","","","","","","","","","","","","","","","","","","","","","","","","","","","","","","710","740","780","820","850","890","930","980","1020","1070","1140","1200","1270","1350","1450","1560","1720","1870","2030","2150","2290","2460","2640","",
"Bulgaria","BGR","GNI per capita, PPP (current international $)","NY.GNP.PCAP.PP.CD","","","","","","","","","","","","","","","","","","","","","","","","","","","","","","","4970","4630","4860","4940","5140","5350","4430","4690","5350","5590","6080","6780","7740","8350","8970","9840","10800","11560","13460","13520","13950","14790","15450","",
"Bahrain","BHR","GNI per capita, PPP (current international $)","NY.GNP.PCAP.PP.CD","","","","","","","","","","","","","","","","","","","","","","","","","","","","","","","19200","26700","27460","29620","29240","31280","32440","31910","33080","33200","30570","30380","29750","30850","30950","32070","33300","34120","33350","29180","31820","","","",
"Bahamas, The","BHS","GNI per capita, PPP (current international $)","NY.GNP.PCAP.PP.CD","","","","","","","","","","","","","","","","","","","","","","","","","","","","","","","17480","17010","16830","16710","17270","18170","20600","16670","18000","19120","20020","20610","21070","20900","21270","22100","22930","23380","23100","21390","21280","21850","21540","",
"Bosnia and Herzegovina","BIH","GNI per capita, PPP (current international $)","NY.GNP.PCAP.PP.CD","","","","","","","","","","","","","","","","","","","","","","","","","","","","","","","","","","","870","1120","2310","3170","4590","4780","4840","5040","5280","5540","5980","6440","7230","7940","8800","8720","8850","9350","9650","",
"Belarus","BLR","GNI per capita, PPP (current international $)","NY.GNP.PCAP.PP.CD","","","","","","","","","","","","","","","","","","","","","","","","","","","","","","","5230","5340","4930","4650","4190","3840","4040","4580","5040","5320","5770","6230","6700","7390","8520","9680","11000","12250","13770","13790","15080","16410","16750","",
"Belize","BLZ","GNI per capita, PPP (current international $)","NY.GNP.PCAP.PP.CD","","","","","","","","","","","","","","","","","","","","","","","","","","","","","","","3250","3610","4030","4290","4300","4330","4350","4460","4510","4750","6110","6480","6660","7320","7840","8090","6820","6780","7020","7360","7670","7940","8260","",
"Bermuda","BMU","GNI per capita, PPP (current international $)","NY.GNP.PCAP.PP.CD","","","","","","","","","","","","","","","","","","","","","","","","","","","","","","","26550","26540","27130","28460","29030","30720","","","","","","","","","","","","75170","74870","70050","69340","66640","66390","",
"Bolivia","BOL","GNI per capita, PPP (current international $)","NY.GNP.PCAP.PP.CD","","","","","","","","","","","","","","","","","","","","","","","","","","","","","","","2300","2460","2520","2630","2760","2870","3020","3150","3290","3270","3340","3410","3480","3530","3690","3920","4180","4400","4710","4800","4950","5200","5400","",
"Brazil","BRA","GNI per capita, PPP (current international $)","NY.GNP.PCAP.PP.CD","","","","","","","","","","","","","","","","","","","","","","","","","","","","","","","6300","6530","6570","6890","7360","7740","7930","8180","8120","8050","8500","8620","8860","9050","9730","10260","10920","11820","12520","12510","13520","14030","14320","",
"Barbados","BRB","GNI per capita, PPP (current international $)","NY.GNP.PCAP.PP.CD","","","","","","","","","","","","","","","","","","","","","","","","","","","","","","","8250","8270","8060","8260","8740","8980","9260","10040","10540","10880","11320","11180","11350","11710","12240","12910","13790","14590","14660","14280","14660","14930","15080","",
"Brunei Darussalam","BRN","GNI per capita, PPP (current international $)","NY.GNP.PCAP.PP.CD","","","","","","","","","","","","","","","","","","","","","","","","","","","","","","","49520","51300","53430","53350","54690","56820","58050","56790","55770","56980","58620","60280","62230","63980","64760","65820","69520","70570","69270","67530","","","","",
"Bhutan","BTN","GNI per capita, PPP (current international $)","NY.GNP.PCAP.PP.CD","","","","","","","","","","","","","","","","","","","","","","","","","","","","","","","1420","1430","1500","1610","1810","1880","2040","2210","2150","2230","2860","3070","3310","3500","3700","4020","4370","5140","5300","5560","6050","6560","7170","",
"Botswana","BWA","GNI per capita, PPP (current international $)","NY.GNP.PCAP.PP.CD","","","","","","","","","","","","","","","","","","","","","","","","","","","","","","","5080","5720","5920","6270","5720","6390","6420","7070","7440","7540","7630","7990","7590","8290","8530","9340","10370","11560","12270","11660","12510","13930","14650","",
"Sub-Saharan Africa (IFC classification)","CAA","GNI per capita, PPP (current international $)","NY.GNP.PCAP.PP.CD","","","","","","","","","","","","","","","","","","","","","","","","","","","","","","","","","","","","","","","","","","","","","","","","","","","","","","",
"Central African Republic","CAF","GNI per capita, PPP (current international $)","NY.GNP.PCAP.PP.CD","","","","","","","","","","","","","","","","","","","","","","","","","","","","","","","490","500","460","460","480","520","490","520","530","560","540","570","590","570","600","620","670","730","760","820","870","920","980","",
"Canada","CAN","GNI per capita, PPP (current international $)","NY.GNP.PCAP.PP.CD","","","","","","","","","","","","","","","","","","","","","","","","","","","","","","","18860","18870","19170","19900","21060","21950","22500","23660","24630","26140","27690","28470","29150","30510","32100","34380","36570","37880","38580","37220","38380","41330","42270","",
"East Asia and the Pacific (IFC classification)","CEA","GNI per capita, PPP (current international $)","NY.GNP.PCAP.PP.CD","","","","","","","","","","","","","","","","","","","","","","","","","","","","","","","","","","","","","","","","","","","","","","","","","","","","","","",
"Europe and Central Asia (IFC classification)","CEU","GNI per capita, PPP (current international $)","NY.GNP.PCAP.PP.CD","","","","","","","","","","","","","","","","","","","","","","","","","","","","","","","","","","","","","","","","","","","","","","","","","","","","","","",
"Switzerland","CHE","GNI per capita, PPP (current international $)","NY.GNP.PCAP.PP.CD","","","","","","","","","","","","","","","","","","","","","","","","","","","","","","","25940","26250","26470","26940","27410","28170","28970","30830","31870","32640","34890","34820","35710","37080","38360","40370","44320","45060","44740","48380","51670","51770","55000","",
"Channel Islands","CHI","GNI per capita, PPP (current international $)","NY.GNP.PCAP.PP.CD","","","","","","","","","","","","","","","","","","","","","","","","","","","","","","","","","","","","","","","","","","","","","","","","","","","","","","",
"Chile","CHL","GNI per capita, PPP (current international $)","NY.GNP.PCAP.PP.CD","","","","","","","","","","","","","","","","","","","","","","","","","","","","","","","4140","4590","5290","5790","6140","6950","7600","8180","8540","8420","9320","9720","9940","10320","10880","11700","13400","14660","14950","14840","17010","19030","20450","",
"China","CHN","GNI per capita, PPP (current international $)","NY.GNP.PCAP.PP.CD","","","","","","","","","","","","","","","","","","","","","","","","","","","","","","","970","1080","1240","1430","1630","1800","2000","2200","2370","2560","2830","3110","3430","3850","4340","4930","5720","6700","7480","8130","9010","9940","10900","",
"Cote d'Ivoire","CIV","GNI per capita, PPP (current international $)","NY.GNP.PCAP.PP.CD","","","","","","","","","","","","","","","","","","","","","","","","","","","","","","","1700","1740","1730","1710","1770","1880","2040","2160","2240","2240","2150","2180","2150","2140","2230","2300","2350","2410","2480","2540","2580","2460","2680","",
"Latin America and the Caribbean (IFC classification)","CLA","GNI per capita, PPP (current international $)","NY.GNP.PCAP.PP.CD","","","","","","","","","","","","","","","","","","","","","","","","","","","","","","","","","","","","","","","","","","","","","","","","","","","","","","",
"Middle East and North Africa (IFC classification)","CME","GNI per capita, PPP (current international $)","NY.GNP.PCAP.PP.CD","","","","","","","","","","","","","","","","","","","","","","","","","","","","","","","","","","","","","","","","","","","","","","","","","","","","","","",
"Cameroon","CMR","GNI per capita, PPP (current international $)","NY.GNP.PCAP.PP.CD","","","","","","","","","","","","","","","","","","","","","","","","","","","","","","","1640","1550","1500","1450","1400","1430","1490","1550","1620","1680","1710","1760","1830","1940","2040","2090","2210","2250","2330","2360","2390","2470","2550","",
"Congo, Rep.","COG","GNI per capita, PPP (current international $)","NY.GNP.PCAP.PP.CD","","","","","","","","","","","","","","","","","","","","","","","","","","","","","","","2830","2940","3130","2860","2850","2000","2040","2500","2700","2390","2590","2670","2830","2920","2790","2940","3120","3180","3570","3690","4080","4140","4540","",
"Colombia","COL","GNI per capita, PPP (current international $)","NY.GNP.PCAP.PP.CD","","","","","","","","","","","","","","","","","","","","","","","","","","","","","","","4770","4980","5270","5470","5900","6220","6320","6530","6550","6260","6540","6660","6810","7050","7510","7990","8660","9340","9690","9800","10150","10820","11380","",
"Comoros","COM","GNI per capita, PPP (current international $)","NY.GNP.PCAP.PP.CD","","","","","","","","","","","","","","","","","","","","","","","","","","","","","","","1170","1110","1230","1250","1180","1220","1190","1230","1220","1240","1250","1290","1320","1340","1340","1410","1440","1450","1450","1450","1460","1480","1520","",
"Cabo Verde","CPV","GNI per capita, PPP (current international $)","NY.GNP.PCAP.PP.CD","","","","","","","","","","","","","","","","","","","","","","","","","","","","","","","990","1010","1120","1210","1430","1610","1780","1980","2200","2420","2750","2860","2970","3120","3470","3740","4110","4920","5310","5460","5600","6020","6530","",
"Costa Rica","CRI","GNI per capita, PPP (current international $)","NY.GNP.PCAP.PP.CD","","","","","","","","","","","","","","","","","","","","","","","","","","","","","","","4570","4760","5200","5580","5890","6060","6100","6360","6700","6570","6960","7330","7630","7980","8580","9340","10410","10970","11540","11070","11790","12460","13070","",
"South Asia (IFC classification)","CSA","GNI per capita, PPP (current international $)","NY.GNP.PCAP.PP.CD","","","","","","","","","","","","","","","","","","","","","","","","","","","","","","","","","","","","","","","","","","","","","","","","","","","","","","",
"Caribbean small states","CSS","GNI per capita, PPP (current international $)","NY.GNP.PCAP.PP.CD","","","","","","","","","","","","","","","","","","","","","","","","","","","","","","","5248.17924673021","5494.19822243946","5661.61211172683","6101.87910757993","6319.3450157348","6604.75704629493","6944.4617462739","7012.51995375111","7222.23338884285","7452.27703323535","7810.34518791437","8065.4054320365","8626.57763210607","9424.88218134389","10288.6988526586","11037.2736821699","12381.1676923645","13064.055663852","13492.7817326375","12950.6898885123","13124.5468715162","12961.2795292494","13220.32974401","",
"Cuba","CUB","GNI per capita, PPP (current international $)","NY.GNP.PCAP.PP.CD","","","","","","","","","","","","","","","","","","","","","","","","","","","","","","","8580","7880","7100","6150","6290","6500","7130","7430","7500","8050","8670","9160","9380","9930","10750","12340","14290","15660","16660","17040","17680","18520","","",
"Curacao","CUW","GNI per capita, PPP (current international $)","NY.GNP.PCAP.PP.CD","","","","","","","","","","","","","","","","","","","","","","","","","","","","","","","","","","","","","","","","","","","","","","","","","","","","","","",
"Cayman Islands","CYM","GNI per capita, PPP (current international $)","NY.GNP.PCAP.PP.CD","","","","","","","","","","","","","","","","","","","","","","","","","","","","","","","","","","","","","","","","","","","","","","","","","","","","","","",
"Cyprus","CYP","GNI per capita, PPP (current international $)","NY.GNP.PCAP.PP.CD","","","","","","","","","","","","","","","","","","","","","","","","","","","","","","","12500","12680","13760","13870","14650","15060","15460","15800","18230","17360","18190","19810","20670","21330","22190","23400","25100","26350","29790","31230","30300","31540","29840","",
"Czech Republic","CZE","GNI per capita, PPP (current international $)","NY.GNP.PCAP.PP.CD","","","","","","","","","","","","","","","","","","","","","","","","","","","","","","","","","","11850","12450","13400","14160","14260","14260","14540","15320","16390","16930","18140","19140","20420","22150","23660","24770","24260","23990","25230","25480","",
"Germany","DEU","GNI per capita, PPP (current international $)","NY.GNP.PCAP.PP.CD","","","","","","","","","","","","","","","","","","","","","","","","","","","","","","","18750","20070","20730","20840","21580","22270","22890","23350","23910","24690","25510","26430","27070","28130","29920","31470","34260","36120","37550","36860","39150","41910","43720","",
"Djibouti","DJI","GNI per capita, PPP (current international $)","NY.GNP.PCAP.PP.CD","","","","","","","","","","","","","","","","","","","","","","","","","","","","","","","","","","","","","","","","","","","","","","","","","","","","","","",
"Dominica","DMA","GNI per capita, PPP (current international $)","NY.GNP.PCAP.PP.CD","","","","","","","","","","","","","","","","","","","","","","","","","","","","","","","4080","4190","4380","4580","4640","4790","4910","5120","5580","5500","5170","5560","5460","5990","6240","6450","7580","7740","8580","9250","9520","9630","9450","",
"Denmark","DNK","GNI per capita, PPP (current international $)","NY.GNP.PCAP.PP.CD","","","","","","","","","","","","","","","","","","","","","","","","","","","","","","","17980","18750","19570","20090","21610","22710","23740","24900","25840","26690","28240","29040","30390","30260","32410","33660","36750","38070","40460","39240","41860","42960","44070","",
"Dominican Republic","DOM","GNI per capita, PPP (current international $)","NY.GNP.PCAP.PP.CD","","","","","","","","","","","","","","","","","","","","","","","","","","","","","","","2950","3040","3360","3560","3680","3890","4200","4540","4820","5120","5460","5590","5920","5790","5830","6670","7530","8280","8860","9130","9880","10340","10790","",
"Algeria","DZA","GNI per capita, PPP (current international $)","NY.GNP.PCAP.PP.CD","","","","","","","","","","","","","","","","","","","","","","","","","","","","","","","6340","6210","6340","6280","6190","6350","6600","6740","7080","7260","7460","8050","8430","9130","9590","10300","10700","11450","11770","11830","12270","12500","12860","",
"East Asia & Pacific (developing only)","EAP","GNI per capita, PPP (current international $)","NY.GNP.PCAP.PP.CD","","","","","","","","","","","","","","","","","","","","","","","","","","","","","","","1361.55901167085","1469.08400530592","1641.85443605222","1872.39807344631","2096.45669788438","2300.59133361294","2521.31029652743","2713.22570787548","2711.96636074728","2855.88738336519","3107.9700041571","3335.37962857116","3612.75908711384","4028.8592784649","4465.05231333928","4984.37339823839","5661.2171519797","6475.06523450277","7120.58213607174","7591.36303186065","8338.04822888162","9097.04480924502","9899.51695702464","",
"East Asia & Pacific (all income levels)","EAS","GNI per capita, PPP (current international $)","NY.GNP.PCAP.PP.CD","","","","","","","","","","","","","","","","","","","","","","","","","","","","","","","3112.26923428094","3321.69304238038","3540.27360167742","3813.68442927994","4094.05585689656","4373.09963280487","4671.75867086742","4929.49372579991","4889.202881233","5088.21703304824","5479.49728088495","5752.97527658659","6099.27397173826","6552.04126741093","7108.94562632614","7703.69052866473","8495.21240224384","9428.79441858586","10048.4587616186","10358.3496411466","11235.309095964","12027.4172111422","12886.1381050444","",
"Europe & Central Asia (developing only)","ECA","GNI per capita, PPP (current international $)","NY.GNP.PCAP.PP.CD","","","","","","","","","","","","","","","","","","","","","","","","","","","","","","","5117.24525818854","4857.83463752042","4603.76994943416","4512.81750643671","4153.32563429897","4174.41245790639","4291.00965158195","4481.08409356565","5177.13053805083","5156.59635417916","5653.4472278671","5898.26700858414","6249.05153488717","6656.68983243413","7501.15200694619","8252.68058925117","9327.09723950539","10225.1393826642","11200.0988381017","10965.4813054273","11701.2592032414","12619.9847684231","13070.4066369039","",
"Europe & Central Asia (all income levels)","ECS","GNI per capita, PPP (current international $)","NY.GNP.PCAP.PP.CD","","","","","","","","","","","","","","","","","","","","","","","","","","","","","","","11013.0289440973","11288.2983380295","11292.5357129181","11373.3579610035","11593.1926347353","12026.9457332694","12470.2651133904","13058.3986788493","13675.3594493785","14178.446623004","15274.0230338798","16056.7694581622","16735.980207276","17392.1347108787","18540.2219384896","19734.7450245867","21829.1569963371","23249.4719692472","24740.6792430484","24127.0716851685","24919.984493074","26226.490172247","26982.9849584807","",
"Ecuador","ECU","GNI per capita, PPP (current international $)","NY.GNP.PCAP.PP.CD","","","","","","","","","","","","","","","","","","","","","","","","","","","","","","","4380","4680","4850","4990","5220","5330","5400","5640","5730","5290","5310","5680","5950","6100","6630","7130","7570","7810","8460","8450","8710","9420","9920","",
"Egypt, Arab Rep.","EGY","GNI per capita, PPP (current international $)","NY.GNP.PCAP.PP.CD","","","","","","","","","","","","","","","","","","","","","","","","","","","","","","","3800","3960","4170","4300","4540","4800","5080","5390","5590","5910","6260","6530","6610","6830","7180","7610","8560","9100","9760","10070","10360","10330","10600","",
"Euro area","EMU","GNI per capita, PPP (current international $)","NY.GNP.PCAP.PP.CD","","","","","","","","","","","","","","","","","","","","","","","","","","","","","","","16448.9239334276","17312.1144734791","17826.4537190849","18075.7003838814","18794.9546769966","19636.772178907","20328.2257458475","21179.6604899242","22083.9527301555","22945.9940110729","24346.0518447862","25469.5701105082","26214.0968253911","26697.4884455597","27880.9882924303","29156.220885657","31640.020192712","33293.2349267943","34419.8773032544","33801.069513595","34688.3711159671","36155.1742414861","37071.0792726704","",
"Eritrea","ERI","GNI per capita, PPP (current international $)","NY.GNP.PCAP.PP.CD","","","","","","","","","","","","","","","","","","","","","","","","","","","","","","","","","710","820","1010","1060","1130","1220","1230","1210","1150","1220","1220","1150","1150","1180","1160","1170","1040","1050","1050","1130","1190","",
"Spain","ESP","GNI per capita, PPP (current international $)","NY.GNP.PCAP.PP.CD","","","","","","","","","","","","","","","","","","","","","","","","","","","","","","","13200","13960","14350","14550","14980","15880","16550","17530","18710","19640","21160","22220","23640","24380","25460","26850","29700","31190","31990","31350","30900","31090","31760","",
"Estonia","EST","GNI per capita, PPP (current international $)","NY.GNP.PCAP.PP.CD","","","","","","","","","","","","","","","","","","","","","","","","","","","","","","","","","","","","6320","6970","7780","8360","8620","9500","10220","11420","12630","13990","15860","18140","20130","20960","19350","19380","21960","23280","",
"Ethiopia","ETH","GNI per capita, PPP (current international $)","NY.GNP.PCAP.PP.CD","","","","","","","","","","","","","","","","","","","","","","","","","","","","","","","410","380","340","380","390","410","460","460","440","460","480","520","520","500","570","640","720","800","880","940","1040","1150","1240","",
"European Union","EUU","GNI per capita, PPP (current international $)","NY.GNP.PCAP.PP.CD","","","","","","","","","","","","","","","","","","","","","","","","","","","","","","","14332.4802684626","14934.001482054","15364.3036186362","15689.6176114115","16457.0088602171","17251.8680640692","17975.9446276821","18825.4550209967","19658.4721929443","20382.0665500596","21727.9435302995","22856.6405101813","23722.7378055551","24338.9109987589","25589.7370160764","26811.4508051195","29049.4178325307","30611.2540400114","31842.8435773666","31197.4819718246","31915.5330860908","33255.8015492749","34073.5874865189","",
"Finland","FIN","GNI per capita, PPP (current international $)","NY.GNP.PCAP.PP.CD","","","","","","","","","","","","","","","","","","","","","","","","","","","","","","","17090","16360","15870","15930","17000","18160","18750","20570","22050","23310","25500","26530","27580","27420","30070","30850","33480","36130","38240","36450","37130","38710","39150","",
"Fiji","FJI","GNI per capita, PPP (current international $)","NY.GNP.PCAP.PP.CD","","","","","","","","","","","","","","","","","","","","","","","","","","","","","","","3790","3800","4060","4180","4360","4640","4920","4820","4810","5270","5560","5620","5970","6100","6580","6910","6830","7010","7130","7170","7000","7210","7390","",
"France","FRA","GNI per capita, PPP (current international $)","NY.GNP.PCAP.PP.CD","","","","","","","","","","","","","","","","","","","","","","","","","","","","","","","17130","17820","18450","18710","19430","20160","20840","21820","22900","23920","25560","26920","27770","27480","28440","29910","31900","33560","34640","34610","35470","37020","37420","",
"Faeroe Islands","FRO","GNI per capita, PPP (current international $)","NY.GNP.PCAP.PP.CD","","","","","","","","","","","","","","","","","","","","","","","","","","","","","","","","","","","","","","","","","","","","","","","","","","","","","","",
"Micronesia, Fed. Sts.","FSM","GNI per capita, PPP (current international $)","NY.GNP.PCAP.PP.CD","","","","","","","","","","","","","","","","","","","","","","","","","","","","","","","","","","2380","2380","2450","2390","2410","2340","2410","2580","2680","2740","2840","2870","3050","3150","3200","3160","3330","3390","3540","3670","",
"Gabon","GAB","GNI per capita, PPP (current international $)","NY.GNP.PCAP.PP.CD","","","","","","","","","","","","","","","","","","","","","","","","","","","","","","","11100","11860","11090","11300","12020","12330","12680","13280","13860","12380","11690","12210","12580","12550","12070","13360","13120","14100","14340","14230","14470","15390","16370","",
"United Kingdom","GBR","GNI per capita, PPP (current international $)","NY.GNP.PCAP.PP.CD","","","","","","","","","","","","","","","","","","","","","","","","","","","","","","","15770","16060","16710","17620","18990","19910","21150","22730","23830","24320","26280","27950","29400","30450","32430","33830","35630","36500","37130","35280","34520","35260","35620","",
"Georgia","GEO","GNI per capita, PPP (current international $)","NY.GNP.PCAP.PP.CD","","","","","","","","","","","","","","","","","","","","","","","","","","","","","","","5210","4210","2340","1660","1540","1610","1910","2320","2480","2610","2700","2840","3040","3460","3820","4250","4810","5470","5630","5440","5730","6140","6760","",
"Ghana","GHA","GNI per capita, PPP (current international $)","NY.GNP.PCAP.PP.CD","","","","","","","","","","","","","","","","","","","","","","","","","","","","","","","1200","1270","1320","1370","1410","1460","1510","1570","1620","1680","1720","1810","1870","1950","2060","2220","2390","2540","2740","2810","2960","3340","3510","",
"Guinea","GIN","GNI per capita, PPP (current international $)","NY.GNP.PCAP.PP.CD","","","","","","","","","","","","","","","","","","","","","","","","","","","","","","","690","690","700","720","730","750","770","800","820","860","880","910","980","930","960","980","990","1030","1050","1030","1060","1100","1140","",
"Gambia, The","GMB","GNI per capita, PPP (current international $)","NY.GNP.PCAP.PP.CD","","","","","","","","","","","","","","","","","","","","","","","","","","","","","","","900","970","1000","1030","1020","1030","1040","1070","1090","1130","1190","1240","1160","1220","1340","1320","1330","1380","1460","1510","1570","1480","1530","",
"Guinea-Bissau","GNB","GNI per capita, PPP (current international $)","NY.GNP.PCAP.PP.CD","","","","","","","","","","","","","","","","","","","","","","","","","","","","","","","900","930","950","970","1000","1030","1150","1240","870","870","540","990","1030","970","970","1030","1030","1100","1200","1200","1220","1280","1180","",
"Equatorial Guinea","GNQ","GNI per capita, PPP (current international $)","NY.GNP.PCAP.PP.CD","","","","","","","","","","","","","","","","","","","","","","","","","","","","","","","1740","1720","1940","2090","2030","2320","2490","4450","5650","4230","6920","7940","10160","9980","12850","16270","17460","20870","17780","25850","20000","23830","23810","",
"Greece","GRC","GNI per capita, PPP (current international $)","NY.GNP.PCAP.PP.CD","","","","","","","","","","","","","","","","","","","","","","","","","","","","","","","12950","13720","14020","13940","14410","14910","15380","16260","16730","17030","18340","19920","21480","22410","23710","23990","26180","26930","28640","28760","27210","26260","26170","",
"Grenada","GRD","GNI per capita, PPP (current international $)","NY.GNP.PCAP.PP.CD","","","","","","","","","","","","","","","","","","","","","","","","","","","","","","","4730","5120","5210","5070","5290","5400","5680","5990","6360","7080","7450","7320","7620","8520","8420","10590","10450","11150","11410","10770","10840","11240","11360","",
"Greenland","GRL","GNI per capita, PPP (current international $)","NY.GNP.PCAP.PP.CD","","","","","","","","","","","","","","","","","","","","","","","","","","","","","","","","","","","","","","","","","","","","","","","","","","","","","","",
"Guatemala","GTM","GNI per capita, PPP (current international $)","NY.GNP.PCAP.PP.CD","","","","","","","","","","","","","","","","","","","","","","","","","","","","","","","3370","3560","3730","3890","4030","4220","4310","4470","4670","4790","4950","5100","5200","5300","5460","5670","5980","6350","6530","6420","6520","6720","6920","",
"Guam","GUM","GNI per capita, PPP (current international $)","NY.GNP.PCAP.PP.CD","","","","","","","","","","","","","","","","","","","","","","","","","","","","","","","","","","","","","","","","","","","","","","","","","","","","","","",
"Guyana","GUY","GNI per capita, PPP (current international $)","NY.GNP.PCAP.PP.CD","","","","","","","","","","","","","","","","","","","","","","","","","","","","","","","1450","1630","1940","2370","2760","3020","3340","3500","3480","3680","3730","3840","3960","4010","3910","4470","4790","4750","4970","5140","5470","5790","6160","",
"High income","HIC","GNI per capita, PPP (current international $)","NY.GNP.PCAP.PP.CD","","","","","","","","","","","","","","","","","","","","","","","","","","","","","","","16561.6208215614","17185.9832148537","17678.7427124822","18144.1677277546","18905.6872479868","19726.7646942241","20613.8327297958","21642.2927013716","22349.4574778837","23292.9390002862","24888.154956301","25800.5572524754","26590.3353046347","27574.8844649079","29243.948591975","30956.4424288039","33387.7823573475","34969.442771379","36067.9184834336","35131.4047245388","36457.1939427738","38117.2428534644","39374.0514590356","",
"Hong Kong SAR, China","HKG","GNI per capita, PPP (current international $)","NY.GNP.PCAP.PP.CD","","","","","","","","","","","","","","","","","","","","","","","","","","","","","","","16990","18310","19690","21840","23080","23780","23690","25280","24190","25240","27220","28210","28510","30610","33770","36680","40940","44730","47500","45310","48200","51500","52260","",
"Honduras","HND","GNI per capita, PPP (current international $)","NY.GNP.PCAP.PP.CD","","","","","","","","","","","","","","","","","","","","","","","","","","","","","","","1900","1970","2050","2260","2230","2280","2360","2510","2570","2530","2700","2710","2790","2930","3120","3360","3610","3920","4100","3990","4020","4100","4180","",
"Heavily indebted poor countries (HIPC)","HPC","GNI per capita, PPP (current international $)","NY.GNP.PCAP.PP.CD","","","","","","","","","","","","","","","","","","","","","","","","","","","","","","","834.311378490273","834.375764416824","831.239376219518","846.362197376228","847.025850706364","874.659963216465","924.774097254613","966.284376025605","987.816891215965","1004.66954621355","1024.51826691592","1060.40362032996","1081.33464443762","1125.49610253889","1185.76165065992","1265.8563451743","1356.17886779219","1443.55936625691","1513.86996773787","1553.46194558239","1610.33548209594","1677.85216136814","1736.16775618111","",
"Croatia","HRV","GNI per capita, PPP (current international $)","NY.GNP.PCAP.PP.CD","","","","","","","","","","","","","","","","","","","","","","","","","","","","","","","","","","","","7970","8980","9620","10020","9760","10730","11460","12370","12980","14200","14930","16440","18290","19660","18710","18070","19550","20200","",
"Haiti","HTI","GNI per capita, PPP (current international $)","NY.GNP.PCAP.PP.CD","","","","","","","","","","","","","","","","","","","","","","","","","","","","","","","","","","","","","","","","","","","","","1350","1390","1430","1490","1510","1550","1470","1560","1620","",
"Hungary","HUN","GNI per capita, PPP (current international $)","NY.GNP.PCAP.PP.CD","","","","","","","","","","","","","","","","","","","","","","","","","","","","","","","8540","7650","7640","8110","8510","8680","8940","9400","10050","10430","11310","12740","13910","14640","15330","16060","17330","17590","19120","19530","20280","21500","21350","",
"Indonesia","IDN","GNI per capita, PPP (current international $)","NY.GNP.PCAP.PP.CD","","","","","","","","","","","","","","","","","","","","","","","","","","","","","","","2660","2670","2910","3450","3770","4100","4430","4640","3900","3850","4010","4120","4240","4880","5150","5520","5960","6420","6890","7160","7650","8200","8750","",
"Isle of Man","IMN","GNI per capita, PPP (current international $)","NY.GNP.PCAP.PP.CD","","","","","","","","","","","","","","","","","","","","","","","","","","","","","","","","","","","","","","","","","","","","","","","","","","","","","","",
"India","IND","GNI per capita, PPP (current international $)","NY.GNP.PCAP.PP.CD","","","","","","","","","","","","","","","","","","","","","","","","","","","","","","","1160","1180","1250","1320","1410","1530","1640","1710","1800","1960","2040","2160","2240","2430","2650","2950","3270","3650","3800","4100","4500","4840","5080","",
"Not classified","INX","GNI per capita, PPP (current international $)","NY.GNP.PCAP.PP.CD","","","","","","","","","","","","","","","","","","","","","","","","","","","","","","","","","","","","","","","","","","","","","","","","","","","","","","",
"Ireland","IRL","GNI per capita, PPP (current international $)","NY.GNP.PCAP.PP.CD","","","","","","","","","","","","","","","","","","","","","","","","","","","","","","","12050","12670","13140","13800","14920","16330","17790","19390","21300","22360","24930","25920","27500","29700","31390","33420","37030","38950","36570","33560","34570","34850","35790","",
"Iran, Islamic Rep.","IRN","GNI per capita, PPP (current international $)","NY.GNP.PCAP.PP.CD","","","","","","","","","","","","","","","","","","","","","","","","","","","","","","","5620","6430","6760","6620","6640","6940","7450","7730","7910","8010","8490","8890","9400","10120","10820","11540","12480","13730","13260","13180","","","","",
"Iraq","IRQ","GNI per capita, PPP (current international $)","NY.GNP.PCAP.PP.CD","","","","","","","","","","","","","","","","","","","","","","","","","","","","","","","","","","","","","","","","","","","","","","9700","10730","10940","12030","12210","12660","13620","14820","",
"Iceland","ISL","GNI per capita, PPP (current international $)","NY.GNP.PCAP.PP.CD","","","","","","","","","","","","","","","","","","","","","","","","","","","","","","","20580","21130","20700","21220","22110","22540","23610","25480","27200","28050","28070","29530","31040","30290","32400","33630","33830","35270","31160","30410","30210","32800","34770","",
"Israel","ISR","GNI per capita, PPP (current international $)","NY.GNP.PCAP.PP.CD","","","","","","","","","","","","","","","","","","","","","","","","","","","","","","","13100","13590","14350","14920","15910","17090","18340","18820","19160","19320","21480","22280","22580","21350","23000","23050","24790","26870","26550","26530","27960","29650","30370","",
"Italy","ITA","GNI per capita, PPP (current international $)","NY.GNP.PCAP.PP.CD","","","","","","","","","","","","","","","","","","","","","","","","","","","","","","","17360","18160","18680","18990","19780","20850","21610","22520","23660","24220","25590","27130","26760","27100","27420","28290","30520","32000","33010","32370","32730","33670","34700","",
"Jamaica","JAM","GNI per capita, PPP (current international $)","NY.GNP.PCAP.PP.CD","","","","","","","","","","","","","","","","","","","","","","","","","","","","","","","4330","4630","4880","5700","5800","6050","6220","6210","5970","6060","6210","6320","","","","","7800","8100","8250","7810","7900","8170","8320","",
"Jordan","JOR","GNI per capita, PPP (current international $)","NY.GNP.PCAP.PP.CD","","","","","","","","","","","","","","","","","","","","","","","","","","","","","","","4340","3940","4630","4790","4970","5260","5290","5480","5600","5760","6180","6530","6780","7060","7770","8500","9290","10190","10810","11130","11000","11220","11420","",
"Japan","JPN","GNI per capita, PPP (current international $)","NY.GNP.PCAP.PP.CD","","","","","","","","","","","","","","","","","","","","","","","","","","","","","","","19380","20630","21260","21760","22320","23180","24220","24990","24700","24940","26310","27000","27680","28410","29930","31150","32730","34500","34710","32880","34830","35330","36750","",
"Kazakhstan","KAZ","GNI per capita, PPP (current international $)","NY.GNP.PCAP.PP.CD","","","","","","","","","","","","","","","","","","","","","","","","","","","","","","","","","","6820","6160","5860","6070","6350","6410","6610","7170","8460","9530","10470","11580","12570","13900","15230","15450","16020","16710","17720","18870","",
"Kenya","KEN","GNI per capita, PPP (current international $)","NY.GNP.PCAP.PP.CD","","","","","","","","","","","","","","","","","","","","","","","","","","","","","","","1220","1230","1220","1190","1220","1280","1350","1350","1380","1390","1400","1440","1440","1460","1540","1650","1760","1880","1900","1920","1990","2070","2140","",
"Kyrgyz Republic","KGZ","GNI per capita, PPP (current international $)","NY.GNP.PCAP.PP.CD","","","","","","","","","","","","","","","","","","","","","","","","","","","","","","","2250","2110","1840","1580","1280","1210","1300","1410","1420","1450","1550","1690","1700","1850","1980","2040","2180","2420","2590","2640","2540","2670","2720","",
"Cambodia","KHM","GNI per capita, PPP (current international $)","NY.GNP.PCAP.PP.CD","","","","","","","","","","","","","","","","","","","","","","","","","","","","","","","","","","","","780","810","860","880","970","1050","1140","1200","1310","1450","1660","1880","2090","2230","2230","2350","2500","2690","",
"Kiribati","KIR","GNI per capita, PPP (current international $)","NY.GNP.PCAP.PP.CD","","","","","","","","","","","","","","","","","","","","","","","","","","","","","","","1600","1450","1480","1490","1580","1660","1530","1910","2220","2060","2320","2510","2330","2290","2390","2420","2350","2480","2570","2430","2390","2390","2660","",
"St. Kitts and Nevis","KNA","GNI per capita, PPP (current international $)","NY.GNP.PCAP.PP.CD","","","","","","","","","","","","","","","","","","","","","","","","","","","","","","","8670","8830","9120","9800","10410","11010","11340","12360","12260","12860","13360","14120","14330","13940","14990","16980","18340","19260","20290","18560","18070","18910","20390","",
"Korea, Rep.","KOR","GNI per capita, PPP (current international $)","NY.GNP.PCAP.PP.CD","","","","","","","","","","","","","","","","","","","","","","","","","","","","","","","7980","8960","9580","10290","11300","12450","13450","14260","13300","14870","17120","18130","19670","20200","21680","22760","24330","26130","26890","26450","28250","29110","30180","",
"Kosovo","KSV","GNI per capita, PPP (current international $)","NY.GNP.PCAP.PP.CD","","","","","","","","","","","","","","","","","","","","","","","","","","","","","","","","","","","","","","","","","","","","","","","6380","6970","7350","7350","7660","8130","8380","",
"Kuwait","KWT","GNI per capita, PPP (current international $)","NY.GNP.PCAP.PP.CD","","","","","","","","","","","","","","","","","","","","","","","","","","","","","","","","","","","","76240","77150","80750","81660","73500","75580","72590","69980","79780","88870","96720","103600","106670","102020","91900","86560","88170","","",
"Latin America & Caribbean (developing only)","LAC","GNI per capita, PPP (current international $)","NY.GNP.PCAP.PP.CD","","","","","","","","","","","","","","","","","","","","","","","","","","","","","","","5498.83824317753","5783.80653691513","5965.34184009916","6544.60448171344","6898.5985529273","6907.16341553668","7137.89402580163","7505.57712508301","7597.0944976143","7608.08913179275","7979.3686610216","8066.26172727063","8069.3787257179","8252.84276328929","8864.06541019323","9563.78059721485","10364.7899318049","11149.9647000581","11796.9448997537","11691.0523846939","12397.4689466415","13078.11798674","13542.1408879232","",
"Lao PDR","LAO","GNI per capita, PPP (current international $)","NY.GNP.PCAP.PP.CD","","","","","","","","","","","","","","","","","","","","","","","","","","","","","","","1050","1100","1150","1220","1310","1390","1480","1540","1580","1710","1770","1890","2010","2100","2300","2550","2710","3000","3190","3450","3580","3840","4170","",
"Lebanon","LBN","GNI per capita, PPP (current international $)","NY.GNP.PCAP.PP.CD","","","","","","","","","","","","","","","","","","","","","","","","","","","","","","","6480","8080","8110","8540","9210","9900","10340","10110","10400","10390","10580","10590","10180","8870","10890","11300","11640","12930","14040","14820","15580","16360","16550","",
"Liberia","LBR","GNI per capita, PPP (current international $)","NY.GNP.PCAP.PP.CD","","","","","","","","","","","","","","","","","","","","","","","","","","","","","","","","","","","","","","190","240","230","360","320","420","260","250","310","340","410","460","540","580","670","730","",
"Libya","LBY","GNI per capita, PPP (current international $)","NY.GNP.PCAP.PP.CD","","","","","","","","","","","","","","","","","","","","","","","","","","","","","","","","","","","","","","","","","","","","","","","","","","","","","","",
"St. Lucia","LCA","GNI per capita, PPP (current international $)","NY.GNP.PCAP.PP.CD","","","","","","","","","","","","","","","","","","","","","","","","","","","","","","","4660","4850","5310","5460","5630","5830","6220","6300","6640","6840","6970","6660","6820","7080","7680","7690","8790","8960","9460","9640","9740","10160","10300","",
"Latin America & Caribbean (all income levels)","LCN","GNI per capita, PPP (current international $)","NY.GNP.PCAP.PP.CD","","","","","","","","","","","","","","","","","","","","","","","","","","","","","","","5540.24630307409","5833.57916476719","6034.16255895828","6609.53040694882","6967.14314267879","7006.13274920952","7255.62069014233","7635.92708063379","7740.16481359557","7755.20721894114","8150.25619785919","8243.51868507265","8255.07654380081","8452.02883908582","9070.58458865261","9778.59693182851","10614.2567061337","11417.2567586635","12055.9091784921","11943.5778277061","12690.8429681859","13406.9962816964","13904.2200465803","",
"Least developed countries: UN classification","LDC","GNI per capita, PPP (current international $)","NY.GNP.PCAP.PP.CD","","","","","","","","","","","","","","","","","","","","","","","","","","","","","","","723.211471649896","735.380202523303","732.670222974161","746.726329066206","753.119168034446","796.92925620673","839.825709783779","882.869080463971","908.22947000149","930.170842470185","974.772922951813","1023.90251551341","1064.02996704985","1117.76410409619","1192.0757234522","1290.97410886852","1411.06160232158","1538.92757442809","1628.10244844213","1709.90308455765","1774.98156151051","1850.84821865195","1916.8202781462","",
"Low income","LIC","GNI per capita, PPP (current international $)","NY.GNP.PCAP.PP.CD","","","","","","","","","","","","","","","","","","","","","","","","","","","","","","","684.934265958053","694.491927427616","681.010292523578","688.123381738371","694.936567694329","720.587688185052","756.990807383684","783.548830814123","801.969364171219","826.78736599667","856.090535821425","897.319590681005","915.713059925156","957.794969890256","1022.47138393085","1097.88348399952","1185.85007470992","1274.68397741884","1346.03313703238","1407.02008801642","1475.37316571886","1567.66126891202","1643.78958408899","",
"Liechtenstein","LIE","GNI per capita, PPP (current international $)","NY.GNP.PCAP.PP.CD","","","","","","","","","","","","","","","","","","","","","","","","","","","","","","","","","","","","","","","","","","","","","","","","","","","","","","",
"Sri Lanka","LKA","GNI per capita, PPP (current international $)","NY.GNP.PCAP.PP.CD","","","","","","","","","","","","","","","","","","","","","","","","","","","","","","","2150","2290","2430","2640","2790","2940","3070","3290","3430","3560","3850","3950","4150","4450","4750","5150","5640","6140","6490","6780","7330","8020","8840","",
"Lower middle income","LMC","GNI per capita, PPP (current international $)","NY.GNP.PCAP.PP.CD","","","","","","","","","","","","","","","","","","","","","","","","","","","","","","","1834.42990679684","1850.70465622398","1905.34224737935","1982.71527412519","2065.88447853975","2180.76928447453","2314.89964490658","2405.17434265194","2399.5464052847","2492.1421269453","2602.82218886535","2731.87524175241","2829.70850729564","3065.34764139754","3342.98392938011","3626.33299503458","3988.49420325574","4340.9396267648","4562.28002035666","4753.3296362252","5103.37521423709","5402.9463869589","5674.36421038131","",
"Low & middle income","LMY","GNI per capita, PPP (current international $)","NY.GNP.PCAP.PP.CD","","","","","","","","","","","","","","","","","","","","","","","","","","","","","","","2125.70313678353","2211.12897851383","2310.98515205777","2473.16861404522","2605.94628612412","2730.37191201564","2897.88115998979","3049.74034510399","3127.26661369155","3225.89357938504","3428.05578718192","3586.26034941941","3745.39575477582","4015.48537804423","4392.66742193527","4807.99629551864","5337.41857123518","5895.69273973493","6304.95745033497","6527.71699996569","7029.94372977262","7520.51922261226","7967.61212219132","",
"Lesotho","LSO","GNI per capita, PPP (current international $)","NY.GNP.PCAP.PP.CD","","","","","","","","","","","","","","","","","","","","","","","","","","","","","","","1400","1440","1460","1450","1500","1490","1580","1630","1590","1640","1700","2080","2120","2220","2230","2210","2260","2330","2450","2510","2620","2610","2710","",
"Lithuania","LTU","GNI per capita, PPP (current international $)","NY.GNP.PCAP.PP.CD","","","","","","","","","","","","","","","","","","","","","","","","","","","","","","","9300","9050","7310","6300","5840","6190","6600","7170","7830","7830","8480","9450","10520","11850","12830","14440","16430","18350","20010","18540","19470","21580","23540","",
"Luxembourg","LUX","GNI per capita, PPP (current international $)","NY.GNP.PCAP.PP.CD","","","","","","","","","","","","","","","","","","","","","","","","","","","","","","","28820","32160","32880","33950","34210","36020","37450","39310","39790","44090","46800","47930","47700","47060","56700","58650","59750","67920","66660","52190","58100","61140","60950","",
"Latvia","LVA","GNI per capita, PPP (current international $)","NY.GNP.PCAP.PP.CD","","","","","","","","","","","","","","","","","","","","","","","","","","","","","","","7810","7090","5000","4970","5270","5410","5810","6490","6990","7340","8050","9020","10020","10760","11730","13230","15020","17150","18640","18220","17970","20080","21820","",
"Macao SAR, China","MAC","GNI per capita, PPP (current international $)","NY.GNP.PCAP.PP.CD","","","","","","","","","","","","","","","","","","","","","","","","","","","","","","","26150","27330","30650","32160","33620","34400","33930","33930","32240","30970","32320","31460","35950","40020","49440","53650","59250","75140","69040","69980","86420","101750","","",
"St. Martin (French part)","MAF","GNI per capita, PPP (current international $)","NY.GNP.PCAP.PP.CD","","","","","","","","","","","","","","","","","","","","","","","","","","","","","","","","","","","","","","","","","","","","","","","","","","","","","","",
"Morocco","MAR","GNI per capita, PPP (current international $)","NY.GNP.PCAP.PP.CD","","","","","","","","","","","","","","","","","","","","","","","","","","","","","","","2530","2740","2650","2620","2920","2740","3100","3040","3290","3310","3400","3700","3850","4140","4430","4690","5150","5380","5720","5910","6140","6490","6790","",
"Monaco","MCO","GNI per capita, PPP (current international $)","NY.GNP.PCAP.PP.CD","","","","","","","","","","","","","","","","","","","","","","","","","","","","","","","","","","","","","","","","","","","","","","","","","","","","","","",
"Moldova","MDA","GNI per capita, PPP (current international $)","NY.GNP.PCAP.PP.CD","","","","","","","","","","","","","","","","","","","","","","","","","","","","","","","4170","3610","2620","2650","1860","1870","1890","1950","1840","1800","1880","2140","2350","2690","3000","3310","3580","3720","4110","3750","4170","4520","4550","",
"Madagascar","MDG","GNI per capita, PPP (current international $)","NY.GNP.PCAP.PP.CD","","","","","","","","","","","","","","","","","","","","","","","","","","","","","","","1030","940","970","980","960","970","990","1020","1050","1090","1120","1190","1020","1110","1160","1220","1280","1370","1460","1360","1350","1350","1360","",
"Maldives","MDV","GNI per capita, PPP (current international $)","NY.GNP.PCAP.PP.CD","","","","","","","","","","","","","","","","","","","","","","","","","","","","","","","","","","","","","","","","","","4940","5240","5980","6820","6530","7910","7690","8660","8420","8860","9450","9720","",
"Middle East & North Africa (all income levels)","MEA","GNI per capita, PPP (current international $)","NY.GNP.PCAP.PP.CD","","","","","","","","","","","","","","","","","","","","","","","","","","","","","","","7188.05830416629","7733.02954746502","8093.92620161855","8182.70118644158","8324.1073150421","8562.07004683864","8959.61567732608","9258.29989171945","9550.88007996397","9628.21694123718","10099.1176942591","10446.825636556","10613.8992517837","11251.0669738639","12127.8778456323","12964.3863648947","14056.6463391121","14949.7890100015","15507.7584771915","15496.8458503941","16103.1950530619","16865.882548997","","",
"Mexico","MEX","GNI per capita, PPP (current international $)","NY.GNP.PCAP.PP.CD","","","","","","","","","","","","","","","","","","","","","","","","","","","","","","","5800","6150","6390","8290","8680","7680","8070","8710","9050","9520","10110","10120","10190","10400","10920","11800","12830","13340","14040","13730","14510","15510","16140","",
"Marshall Islands","MHL","GNI per capita, PPP (current international $)","NY.GNP.PCAP.PP.CD","","","","","","","","","","","","","","","","","","","","","","","","","","","","","","","","","","","","3280","2850","2750","2780","2820","3060","3290","3360","3400","3480","3740","3890","4120","4100","4010","4110","4260","4310","",
"Middle income","MIC","GNI per capita, PPP (current international $)","NY.GNP.PCAP.PP.CD","","","","","","","","","","","","","","","","","","","","","","","","","","","","","","","2329.32554236772","2426.97981579721","2544.20082465554","2730.2553154408","2883.28882062203","3024.88864097401","3214.58955376791","3387.96194910198","3477.66735918963","3590.99904522482","3822.97303417374","4003.584855141","4188.79511897721","4499.30555033814","4931.12373682435","5406.5717114469","6013.51944608885","6655.31928162241","7128.1474130018","7386.71356631668","7971.11697958171","8540.04506205762","9062.77573211096","",
"Macedonia, FYR","MKD","GNI per capita, PPP (current international $)","NY.GNP.PCAP.PP.CD","","","","","","","","","","","","","","","","","","","","","","","","","","","","","","","5220","5110","4790","4610","4690","4760","4870","4970","5160","5360","5710","5660","5810","6200","6800","7540","8530","8810","10360","10920","11220","11550","11540","",
"Mali","MLI","GNI per capita, PPP (current international $)","NY.GNP.PCAP.PP.CD","","","","","","","","","","","","","","","","","","","","","","","","","","","","","","","710","730","790","780","770","810","830","870","920","970","1000","1050","1070","1180","1200","1270","1380","1430","1490","1500","1560","1590","1540","",
"Malta","MLT","GNI per capita, PPP (current international $)","NY.GNP.PCAP.PP.CD","","","","","","","","","","","","","","","","","","","","","","","","","","","","","","","11740","12600","13190","13840","14530","15540","14700","15610","16000","17200","18590","18450","19450","19600","19690","20070","21480","22650","24490","23730","24480","26700","26930","",
"Myanmar","MMR","GNI per capita, PPP (current international $)","NY.GNP.PCAP.PP.CD","","","","","","","","","","","","","","","","","","","","","","","","","","","","","","","","","","","","","","","","","","","","","","","","","","","","","","",
"Middle East & North Africa (developing only)","MNA","GNI per capita, PPP (current international $)","NY.GNP.PCAP.PP.CD","","","","","","","","","","","","","","","","","","","","","","","","","","","","","","","4773.66059960919","5110.55549599224","5308.9983280599","5293.17099247963","5413.60449684509","5593.91324926605","5924.93525778502","6125.36102488396","6346.33375139507","6505.60538436433","6826.67946911892","7179.882286203","7431.5758327406","7850.52081951713","8334.20521642537","8852.32335018033","9617.82204706699","10287.2931536701","10569.1827864791","10710.6139261923","","","","",
"Montenegro","MNE","GNI per capita, PPP (current international $)","NY.GNP.PCAP.PP.CD","","","","","","","","","","","","","","","","","","","","","","","","","","","","","","","","","","","","","","","","","6880","7100","7380","7720","8210","8470","10680","10140","12200","13820","12820","14240","14590","",
"Mongolia","MNG","GNI per capita, PPP (current international $)","NY.GNP.PCAP.PP.CD","","","","","","","","","","","","","","","","","","","","","","","","","","","","","","","2740","2580","2330","2250","2370","2560","2660","2790","2920","3030","3090","3230","3400","3660","4120","4440","4940","5450","5920","5730","5780","6770","7880","",
"Northern Mariana Islands","MNP","GNI per capita, PPP (current international $)","NY.GNP.PCAP.PP.CD","","","","","","","","","","","","","","","","","","","","","","","","","","","","","","","","","","","","","","","","","","","","","","","","","","","","","","",
"Mozambique","MOZ","GNI per capita, PPP (current international $)","NY.GNP.PCAP.PP.CD","","","","","","","","","","","","","","","","","","","","","","","","","","","","","","","270","280","260","280","290","290","320","350","380","410","410","450","500","520","560","610","630","690","730","800","860","910","990","",
"Mauritania","MRT","GNI per capita, PPP (current international $)","NY.GNP.PCAP.PP.CD","","","","","","","","","","","","","","","","","","","","","","","","","","","","","","","1390","1440","1460","1530","1490","1630","1780","1690","1740","1850","1810","1770","1970","1960","2060","2240","2530","2620","2720","2660","2660","2680","2890","",
"Mauritius","MUS","GNI per capita, PPP (current international $)","NY.GNP.PCAP.PP.CD","","","","","","","","","","","","","","","","","","","","","","","","","","","","","","","4860","5250","5650","5990","6230","6590","6980","7450","7890","8120","8950","9380","9640","10000","10810","11220","12030","13270","13890","14170","15120","15870","16650","",
"Malawi","MWI","GNI per capita, PPP (current international $)","NY.GNP.PCAP.PP.CD","","","","","","","","","","","","","","","","","","","","","","","","","","","","","","","400","440","420","460","420","490","540","550","560","570","580","550","550","580","610","630","640","710","760","800","710","730","730","",
"Malaysia","MYS","GNI per capita, PPP (current international $)","NY.GNP.PCAP.PP.CD","","","","","","","","","","","","","","","","","","","","","","","","","","","","","","","6300","6880","7440","8210","8930","9770","10670","11270","10290","10640","11440","11620","12280","13160","14200","15270","16570","17900","18620","18340","19340","20560","21430","",
"North America","NAC","GNI per capita, PPP (current international $)","NY.GNP.PCAP.PP.CD","","","","","","","","","","","","","","","","","","","","","","","","","","","","","","","23244.5833661046","23653.7715803219","24585.8673550873","25398.4857764061","26726.8986937396","27900.6501229761","29240.638546807","30834.3599028094","32390.596264781","34001.3180628181","36032.8746761577","36944.1885294622","37668.9559881733","39036.7450057058","41267.50662559","43732.2723620236","46339.7140480617","47396.3784255679","47667.9940811249","46262.7458097392","47852.7212718326","49925.5476589513","51586.0811945595","",
"Namibia","NAM","GNI per capita, PPP (current international $)","NY.GNP.PCAP.PP.CD","","","","","","","","","","","","","","","","","","","","","","","","","","","","","","","3670","4050","4170","4120","4360","4630","4610","4730","4830","4790","5030","5070","5370","5850","6460","6570","7220","7600","7920","7790","7990","8580","9040","",
"New Caledonia","NCL","GNI per capita, PPP (current international $)","NY.GNP.PCAP.PP.CD","","","","","","","","","","","","","","","","","","","","","","","","","","","","","","","","","","","","","","","","","","","","","","","","","","","","","","",
"Niger","NER","GNI per capita, PPP (current international $)","NY.GNP.PCAP.PP.CD","","","","","","","","","","","","","","","","","","","","","","","","","","","","","","","590","600","560","560","570","580","590","600","650","630","610","650","650","680","670","700","740","750","810","780","820","820","880","",
"Nigeria","NGA","GNI per capita, PPP (current international $)","NY.GNP.PCAP.PP.CD","","","","","","","","","","","","","","","","","","","","","","","","","","","","","","","1790","1800","1780","1720","1770","1860","1970","2010","1980","","1970","2140","2170","2360","3160","3260","3900","3990","4200","4350","4780","4950","5270","",
"Nicaragua","NIC","GNI per capita, PPP (current international $)","NY.GNP.PCAP.PP.CD","","","","","","","","","","","","","","","","","","","","","","","","","","","","","","","1870","1500","1400","1450","1740","1910","2050","2160","2280","2430","2550","2630","2670","2760","2960","3180","3320","3560","3740","3620","3760","3990","4210","",
"Netherlands","NLD","GNI per capita, PPP (current international $)","NY.GNP.PCAP.PP.CD","","","","","","","","","","","","","","","","","","","","","","","","","","","","","","","17490","18440","18970","19670","20690","21850","22840","24410","25210","27220","30070","31050","32230","32080","34060","35270","39130","41350","42000","40370","40940","43290","43750","",
"High income: nonOECD","NOC","GNI per capita, PPP (current international $)","NY.GNP.PCAP.PP.CD","","","","","","","","","","","","","","","","","","","","","","","","","","","","","","","11703.6851172847","12021.3198785641","11583.2662816595","11605.1168438632","11441.1556515155","11642.1570735174","11919.6308483014","12515.7843470292","12486.0058145323","13045.9791303843","14322.6361823737","14912.3945114323","15574.8164892416","17090.8444386931","18903.4129358605","20961.0728129352","24126.9282869717","26366.5698405491","29233.715633154","28332.5298828947","30102.4702381361","32499.014747846","33668.3929442872","",
"Norway","NOR","GNI per capita, PPP (current international $)","NY.GNP.PCAP.PP.CD","","","","","","","","","","","","","","","","","","","","","","","","","","","","","","","17370","18350","19530","20400","21900","23280","25750","27660","27110","29550","35690","37160","37170","38530","42530","48160","53940","55590","61060","55610","58420","62240","67450","",
"Nepal","NPL","GNI per capita, PPP (current international $)","NY.GNP.PCAP.PP.CD","","","","","","","","","","","","","","","","","","","","","","","","","","","","","","","810","870","900","930","1010","1030","1080","1130","1150","1190","1260","1330","1320","1370","1450","1540","1620","1700","1820","1900","1990","2070","2190","",
"New Zealand","NZL","GNI per capita, PPP (current international $)","NY.GNP.PCAP.PP.CD","","","","","","","","","","","","","","","","","","","","","","","","","","","","","","","14190","13540","13910","14730","15750","16600","16830","17720","18230","19130","20040","21130","21890","22530","23360","23790","25430","26700","27060","29000","28810","29940","32620","",
"High income: OECD","OEC","GNI per capita, PPP (current international $)","NY.GNP.PCAP.PP.CD","","","","","","","","","","","","","","","","","","","","","","","","","","","","","","","17873.5821797278","18569.0546744408","19239.927564157","19801.4223500678","20761.3014165463","21734.2742493329","22754.3526709418","23879.7751983007","24743.5604037036","25769.934250101","27450.9659701389","28439.4589516205","29255.5189546703","30119.2727845231","31762.5284011076","33406.7827482929","35689.9548278764","37138.4529899222","37841.4983745096","36896.0664182353","38134.6581767254","39644.7702170645","40958.8155725169","",
"OECD members","OED","GNI per capita, PPP (current international $)","NY.GNP.PCAP.PP.CD","","","","","","","","","","","","","","","","","","","","","","","","","","","","","","","16123.6614542331","16729.9556593998","17323.6889135289","17973.9092910921","18797.1837844445","19547.4694050262","20455.6146203129","21477.9305455387","22358.302624239","23232.3450800555","24754.3142140513","25550.3768555143","26244.7966157877","26991.9947018077","28494.1984721683","30021.0814661183","32118.2538751218","33426.2744550313","34143.2137195734","33276.6675278118","34464.269689594","35919.2126632419","37081.3690686924","",
"Oman","OMN","GNI per capita, PPP (current international $)","NY.GNP.PCAP.PP.CD","","","","","","","","","","","","","","","","","","","","","","","","","","","","","","","18490","19660","20570","21500","22060","23240","24070","25880","26660","27010","29010","31310","31210","31600","32860","33850","36900","40170","44420","42090","43730","","","",
"Other small states","OSS","GNI per capita, PPP (current international $)","NY.GNP.PCAP.PP.CD","","","","","","","","","","","","","","","","","","","","","","","","","","","","","","","3210.84822249924","3453.60156296969","3507.78212163102","3615.02824317572","3681.47003184357","3911.38751278153","4048.25285190629","4360.97653887232","4524.58172984137","4424.3691581684","4596.32008523096","4892.79874434691","4996.68409302203","5183.96796796082","5484.789305052","5925.13810889316","6385.85732957446","6981.29780533256","7307.2011942773","7482.60144828385","7530.81553965971","8217.39456328755","8457.35579820096","",
"Pakistan","PAK","GNI per capita, PPP (current international $)","NY.GNP.PCAP.PP.CD","","","","","","","","","","","","","","","","","","","","","","","","","","","","","","","2000","2070","2200","2220","2280","2400","2470","2450","2480","2540","2640","2690","2820","3040","3260","3560","3810","4020","4110","4200","4300","4450","4670","",
"Panama","PAN","GNI per capita, PPP (current international $)","NY.GNP.PCAP.PP.CD","","","","","","","","","","","","","","","","","","","","","","","","","","","","","","","4220","4600","5020","5410","5630","5640","5850","6160","6500","6630","6880","6950","7300","7320","7800","8480","10780","12100","13230","13570","14440","14390","15700","",
"Peru","PER","GNI per capita, PPP (current international $)","NY.GNP.PCAP.PP.CD","","","","","","","","","","","","","","","","","","","","","","","","","","","","","","","3450","3440","3550","3680","4180","4540","4710","5050","5040","5080","5240","5320","5580","5770","6040","6580","7020","7800","8730","8820","9530","10210","11070","",
"Philippines","PHL","GNI per capita, PPP (current international $)","NY.GNP.PCAP.PP.CD","","","","","","","","","","","","","","","","","","","","","","","","","","","","","","","2550","2590","2640","2710","2860","2990","3180","3380","3420","3180","3370","3470","3560","3740","4030","4270","4520","4880","5130","5130","5520","5730","6170","",
"Palau","PLW","GNI per capita, PPP (current international $)","NY.GNP.PCAP.PP.CD","","","","","","","","","","","","","","","","","","","","","","","","","","","","","","","","11000","10240","9290","9480","10790","11890","12070","11800","11550","9500","10290","10640","10800","11730","12080","12240","12660","12300","11300","11460","12330","13210","",
"Papua New Guinea","PNG","GNI per capita, PPP (current international $)","NY.GNP.PCAP.PP.CD","","","","","","","","","","","","","","","","","","","","","","","","","","","","","","","1000","1110","1190","1410","1510","1480","1520","1490","1400","1390","1380","1350","1340","1310","1380","1470","1440","1740","1850","1930","2030","2180","2330","",
"Poland","POL","GNI per capita, PPP (current international $)","NY.GNP.PCAP.PP.CD","","","","","","","","","","","","","","","","","","","","","","","","","","","","","","","","5510","5700","6090","6740","7310","8000","8720","9310","9840","10490","10940","11520","11870","12640","13470","14660","16090","17590","18250","19560","20790","21760","",
"Puerto Rico","PRI","GNI per capita, PPP (current international $)","NY.GNP.PCAP.PP.CD","","","","","","","","","","","","","","","","","","","","","","","","","","","","","","","10630","11160","11490","12130","12610","13260","13700","14520","14880","15800","17390","17070","17460","18370","19450","19990","20710","21240","21640","21190","21230","21750","22640","",
"Korea, Dem. Rep.","PRK","GNI per capita, PPP (current international $)","NY.GNP.PCAP.PP.CD","","","","","","","","","","","","","","","","","","","","","","","","","","","","","","","","","","","","","","","","","","","","","","","","","","","","","","",
"Portugal","PRT","GNI per capita, PPP (current international $)","NY.GNP.PCAP.PP.CD","","","","","","","","","","","","","","","","","","","","","","","","","","","","","","","10960","11870","12340","12370","12670","13500","14020","14800","15560","16500","17340","17940","18750","19250","19670","21140","22430","23550","24190","24250","24980","24890","25330","",
"Paraguay","PRY","GNI per capita, PPP (current international $)","NY.GNP.PCAP.PP.CD","","","","","","","","","","","","","","","","","","","","","","","","","","","","","","","","","","","","4480","4780","4790","4740","4630","4280","4330","4430","4220","4500","4670","5140","5790","6240","5850","6610","7100","6950","",
"Pacific island small states","PSS","GNI per capita, PPP (current international $)","NY.GNP.PCAP.PP.CD","","","","","","","","","","","","","","","","","","","","","","","","","","","","","","","2754.53356033462","2756.9480388327","2866.03442819899","2939.20836422415","2942.60560493633","3123.58664806701","3254.02249743453","3347.75607270347","3384.12882460439","3577.22759970441","3683.94712438635","3733.97471302638","3863.64058492163","3925.26724400844","4181.40576135034","4355.57238772375","4378.95127567047","4490.62557460798","4582.81524355622","4522.26292751193","4501.08466176533","4623.69461921318","4693.46325076699","",
"French Polynesia","PYF","GNI per capita, PPP (current international $)","NY.GNP.PCAP.PP.CD","","","","","","","","","","","","","","","","","","","","","","","","","","","","","","","","","","","","","","","","","","","","","","","","","","","","","","",
"Qatar","QAT","GNI per capita, PPP (current international $)","NY.GNP.PCAP.PP.CD","","","","","","","","","","","","","","","","","","","","","","","","","","","","","","","","","","","","","","","","","","","","","","","","123520","125510","120630","126620","133340","","",
"Romania","ROU","GNI per capita, PPP (current international $)","NY.GNP.PCAP.PP.CD","","","","","","","","","","","","","","","","","","","","","","","","","","","","","","","5160","4710","4410","4580","4880","5330","5680","5450","5280","5280","5670","6440","6990","7650","8490","9250","10980","12720","15280","15340","16000","16820","17650","",
"Russian Federation","RUS","GNI per capita, PPP (current international $)","NY.GNP.PCAP.PP.CD","","","","","","","","","","","","","","","","","","","","","","","","","","","","","","","8000","7830","6790","6360","5720","5580","5460","5600","5260","5720","6660","7270","7880","8970","10030","11560","14530","16340","19850","18860","19890","21790","22800","",
"Rwanda","RWA","GNI per capita, PPP (current international $)","NY.GNP.PCAP.PP.CD","","","","","","","","","","","","","","","","","","","","","","","","","","","","","","","540","560","650","660","350","500","540","570","570","570","590","620","700","710","770","850","930","1010","1110","1150","1210","1300","1390","",
"South Asia","SAS","GNI per capita, PPP (current international $)","NY.GNP.PCAP.PP.CD","","","","","","","","","","","","","","","","","","","","","","","","","","","","","","","1203.51224353051","1235.38172367677","1306.11568136285","1366.92756858051","1450.24470306178","1553.93210862156","1657.23142456279","1715.76927779943","1795.97647334521","1928.00329307991","2011.68748948645","2113.03714252602","2198.57775140022","2373.751247944","2580.86713102205","2852.14223416429","3146.13953641634","3478.4221705615","3628.6965756115","3884.96344605056","4215.62205571949","4515.72646709991","4748.38218894082","",
"Saudi Arabia","SAU","GNI per capita, PPP (current international $)","NY.GNP.PCAP.PP.CD","","","","","","","","","","","","","","","","","","","","","","","","","","","","","","","24390","26190","26880","26500","26100","26390","27260","28170","29000","28670","29490","29090","28350","29760","32190","34850","37070","39220","42710","43220","45900","49940","","",
"Sudan","SDN","GNI per capita, PPP (current international $)","NY.GNP.PCAP.PP.CD","","","","","","","","","","","","","","","","","","","","","","","","","","","","","","","1050","1060","1150","1230","1260","1330","1440","1590","1620","1630","1700","1790","1880","1980","2050","2230","2480","2740","2800","2810","2860","3210","3290","",
"Senegal","SEN","GNI per capita, PPP (current international $)","NY.GNP.PCAP.PP.CD","","","","","","","","","","","","","","","","","","","","","","","","","","","","","","","1160","1190","1210","1210","1190","1260","1290","1320","1390","1450","1490","1560","1550","1650","1750","1840","1910","2000","2070","2060","2120","2140","2180","",
"Singapore","SGP","GNI per capita, PPP (current international $)","NY.GNP.PCAP.PP.CD","","","","","","","","","","","","","","","","","","","","","","","","","","","","","","","21710","23100","24930","27140","30380","32450","33660","36890","35090","37390","40250","39450","40630","43690","46570","50630","56770","61210","59350","57090","68510","71700","71900","",
"Solomon Islands","SLB","GNI per capita, PPP (current international $)","NY.GNP.PCAP.PP.CD","","","","","","","","","","","","","","","","","","","","","","","","","","","","","","","750","840","890","840","910","970","950","1520","1520","1500","1300","1200","1140","1210","1280","1350","1460","1510","1470","1320","1450","1500","1390","",
"Sierra Leone","SLE","GNI per capita, PPP (current international $)","NY.GNP.PCAP.PP.CD","","","","","","","","","","","","","","","","","","","","","","","","","","","","","","","770","840","680","750","700","710","760","740","730","720","770","710","870","930","970","1010","1070","1120","1200","1250","1300","1390","1610","",
"El Salvador","SLV","GNI per capita, PPP (current international $)","NY.GNP.PCAP.PP.CD","","","","","","","","","","","","","","","","","","","","","","","","","","","","","","","2820","2970","3240","3500","3760","4040","4150","4340","4520","4680","4880","5050","5210","5390","5610","5980","6410","6810","7030","6770","6920","7150","7280","",
"San Marino","SMR","GNI per capita, PPP (current international $)","NY.GNP.PCAP.PP.CD","","","","","","","","","","","","","","","","","","","","","","","","","","","","","","","","","","","","","","","","","","","","","","","","","","","","","","",
"Somalia","SOM","GNI per capita, PPP (current international $)","NY.GNP.PCAP.PP.CD","","","","","","","","","","","","","","","","","","","","","","","","","","","","","","","","","","","","","","","","","","","","","","","","","","","","","","",
"Serbia","SRB","GNI per capita, PPP (current international $)","NY.GNP.PCAP.PP.CD","","","","","","","","","","","","","","","","","","","","","","","","","","","","","","","","","","","","","","5760","5930","5360","5790","6190","6570","6930","7750","8410","9320","9890","11200","11000","10830","11450","11430","",
"Sub-Saharan Africa (developing only)","SSA","GNI per capita, PPP (current international $)","NY.GNP.PCAP.PP.CD","","","","","","","","","","","","","","","","","","","","","","","","","","","","","","","1430.99860381049","1444.71740860317","1413.31004212047","1406.63351757676","1425.49642614489","1488.50559613783","1565.80104549295","1614.77079839378","1619.28942378352","1635.32981205273","1676.48720221524","1748.59707247413","1789.53973431932","1865.28348150723","2092.27667593054","2211.83566843106","2446.24688364973","2576.95762219252","2689.62308048433","2739.81160251779","2874.72136708763","2983.29470364852","3088.57034719999","",
"South Sudan","SSD","GNI per capita, PPP (current international $)","NY.GNP.PCAP.PP.CD","","","","","","","","","","","","","","","","","","","","","","","","","","","","","","","","","","","","","","","","","","","","","","","","","2170","2630","2330","2900","1650","",
"Sub-Saharan Africa (all income levels)","SSF","GNI per capita, PPP (current international $)","NY.GNP.PCAP.PP.CD","","","","","","","","","","","","","","","","","","","","","","","","","","","","","","","1431.01921713068","1444.709531935","1413.49507460327","1406.94120082456","1425.74166538825","1488.91820548126","1566.27525373951","1616.70760526163","1622.15477609633","1636.76857706683","1680.56733416619","1753.43598131273","1796.12722668268","1871.69753124799","2100.81670955413","2223.04153245724","2458.2485640954","2591.62391287197","2701.73642609306","2758.35533811414","2888.50061866643","3000.0822912385","3105.28120196305","",
"Small states","SST","GNI per capita, PPP (current international $)","NY.GNP.PCAP.PP.CD","","","","","","","","","","","","","","","","","","","","","","","","","","","","","","","3853.61344147277","4069.57714705186","4155.13025696302","4354.01838302708","4452.99339576688","4687.73593822813","4879.09705034232","5091.12978888308","5250.6123127245","5265.78876141498","5479.33003559536","5739.78927611021","5949.94756986668","6266.79380093332","6698.1180678261","7200.18339709238","7723.00993749347","8289.67027844679","8610.45646481885","8577.81705822922","8640.62768028588","9063.20233457006","9283.95424802949","",
"Sao Tome and Principe","STP","GNI per capita, PPP (current international $)","NY.GNP.PCAP.PP.CD","","","","","","","","","","","","","","","","","","","","","","","","","","","","","","","","","","","","","","","","","","1860","1890","2030","2120","2180","2380","2470","2570","2610","2690","2800","2860","",
"Suriname","SUR","GNI per capita, PPP (current international $)","NY.GNP.PCAP.PP.CD","","","","","","","","","","","","","","","","","","","","","","","","","","","","","","","6700","6990","7080","","6940","7130","7300","7660","7750","7200","7810","7390","8260","8830","9740","10600","11390","12390","12920","13260","13730","14470","14840","",
"Slovak Republic","SVK","GNI per capita, PPP (current international $)","NY.GNP.PCAP.PP.CD","","","","","","","","","","","","","","","","","","","","","","","","","","","","","","","7680","6750","6440","7080","7650","8340","9100","9760","10330","10350","10960","12080","12920","12950","14080","15760","17890","20280","21790","21640","22480","24620","25430","",
"Slovenia","SVN","GNI per capita, PPP (current international $)","NY.GNP.PCAP.PP.CD","","","","","","","","","","","","","","","","","","","","","","","","","","","","","","","","","10420","11040","12080","13120","13920","14890","15740","16770","17590","18500","19650","20380","22000","23280","25180","26610","28260","26420","26560","27780","28240","",
"Sweden","SWE","GNI per capita, PPP (current international $)","NY.GNP.PCAP.PP.CD","","","","","","","","","","","","","","","","","","","","","","","","","","","","","","","19010","19150","19010","18840","20180","21330","22150","22980","24060","25740","27750","28060","29160","30810","32470","32940","36200","39300","41000","38320","40460","42700","43960","",
"Swaziland","SWZ","GNI per capita, PPP (current international $)","NY.GNP.PCAP.PP.CD","","","","","","","","","","","","","","","","","","","","","","","","","","","","","","","3470","3580","3710","3730","3650","4060","4340","4440","4320","4520","4480","4830","4620","4670","5030","5630","5560","5880","5940","5830","5680","5710","5550","",
"Sint Maarten (Dutch part)","SXM","GNI per capita, PPP (current international $)","NY.GNP.PCAP.PP.CD","","","","","","","","","","","","","","","","","","","","","","","","","","","","","","","","","","","","","","","","","","","","","","","","","","","","","","",
"Seychelles","SYC","GNI per capita, PPP (current international $)","NY.GNP.PCAP.PP.CD","","","","","","","","","","","","","","","","","","","","","","","","","","","","","","","8650","9160","9990","10530","10630","10430","11060","12550","13340","13440","13960","14050","13280","13340","13720","15300","16920","18700","17990","18260","19150","21650","22680","",
"Syrian Arab Republic","SYR","GNI per capita, PPP (current international $)","NY.GNP.PCAP.PP.CD","","","","","","","","","","","","","","","","","","","","","","","","","","","","","","","","","","","","","","","","","","","","","","","","","","","","","","",
"Turks and Caicos Islands","TCA","GNI per capita, PPP (current international $)","NY.GNP.PCAP.PP.CD","","","","","","","","","","","","","","","","","","","","","","","","","","","","","","","","","","","","","","","","","","","","","","","","","","","","","","",
"Chad","TCD","GNI per capita, PPP (current international $)","NY.GNP.PCAP.PP.CD","","","","","","","","","","","","","","","","","","","","","","","","","","","","","","","710","780","840","680","760","760","760","790","820","800","730","700","330","710","1100","1380","1660","1620","1640","1650","1850","1850","1930","",
"Togo","TGO","GNI per capita, PPP (current international $)","NY.GNP.PCAP.PP.CD","","","","","","","","","","","","","","","","","","","","","","","","","","","","","","","840","840","810","680","760","830","910","1030","1000","1000","990","980","960","1010","1020","1040","1090","1120","1020","1040","1040","1080","1140","",
"Thailand","THA","GNI per capita, PPP (current international $)","NY.GNP.PCAP.PP.CD","","","","","","","","","","","","","","","","","","","","","","","","","","","","","","","4070","4510","4910","5440","6010","6640","7050","6970","6180","6520","6980","7140","7480","8030","8660","9250","10050","10850","11330","11100","12030","12340","13270","",
"Tajikistan","TJK","GNI per capita, PPP (current international $)","NY.GNP.PCAP.PP.CD","","","","","","","","","","","","","","","","","","","","","","","","","","","","","","","2350","2210","1570","1310","1020","890","720","770","810","840","900","990","1100","1210","1370","1480","1590","1750","1910","1940","2040","2200","2340","",
"Turkmenistan","TKM","GNI per capita, PPP (current international $)","NY.GNP.PCAP.PP.CD","","","","","","","","","","","","","","","","","","","","","","","","","","","","","","","","","","4460","3780","3400","3630","3300","3450","3970","3990","4350","4390","4640","4950","5400","6370","7180","8080","8450","9000","10060","11040","",
"Timor-Leste","TLS","GNI per capita, PPP (current international $)","NY.GNP.PCAP.PP.CD","","","","","","","","","","","","","","","","","","","","","","","","","","","","","","","","","","","","","","","","","1640","1930","1630","1440","1590","1980","3070","4270","6610","4820","5900","7900","6930","",
"Tonga","TON","GNI per capita, PPP (current international $)","NY.GNP.PCAP.PP.CD","","","","","","","","","","","","","","","","","","","","","","","","","","","","","","","2370","2590","2630","2780","3090","3180","3240","3280","3450","3590","3700","3870","4100","4200","4350","4510","4620","4550","4640","4790","4940","5210","5370","",
"Trinidad and Tobago","TTO","GNI per capita, PPP (current international $)","NY.GNP.PCAP.PP.CD","","","","","","","","","","","","","","","","","","","","","","","","","","","","","","","8040","8440","8450","8570","8900","9370","9860","10550","11590","12220","12980","14010","15430","17780","20240","21610","25110","27040","28380","26950","27250","24990","25480","",
"Tunisia","TUN","GNI per capita, PPP (current international $)","NY.GNP.PCAP.PP.CD","","","","","","","","","","","","","","","","","","","","","","","","","","","","","","","3520","3670","3940","3980","4140","4300","4600","4910","5160","5480","5770","6140","6280","6740","7270","7640","8260","8870","9330","9630","9940","9830","10320","",
"Turkey","TUR","GNI per capita, PPP (current international $)","NY.GNP.PCAP.PP.CD","","","","","","","","","","","","","","","","","","","","","","","","","","","","","","","4360","4470","4770","5200","4890","5310","5730","6190","8640","8200","9200","8540","8630","8760","10150","11390","12890","13870","15000","14520","16040","17810","18390","",
"Tuvalu","TUV","GNI per capita, PPP (current international $)","NY.GNP.PCAP.PP.CD","","","","","","","","","","","","","","","","","","","","","","","","","","","","","","","","","","","","","","","","","","4760","5900","4130","4590","4570","4630","5430","5440","5620","5060","5120","5160","",
"Tanzania","TZA","GNI per capita, PPP (current international $)","NY.GNP.PCAP.PP.CD","","","","","","","","","","","","","","","","","","","","","","","","","","","","","","","640","660","650","650","660","680","720","730","750","780","820","860","920","970","1050","1120","1210","1290","1370","1420","1500","1580","1670","",
"Uganda","UGA","GNI per capita, PPP (current international $)","NY.GNP.PCAP.PP.CD","","","","","","","","","","","","","","","","","","","","","","","","","","","","","","","410","440","440","480","500","560","600","630","650","680","690","710","760","800","840","890","990","1070","1150","1200","1240","1310","1320","",
"Ukraine","UKR","GNI per capita, PPP (current international $)","NY.GNP.PCAP.PP.CD","","","","","","","","","","","","","","","","","","","","","","","","","","","","","","","6960","6560","5910","5070","4080","3650","3390","3370","3350","3400","3710","4240","4590","5170","6000","6410","7110","7930","8370","7130","7590","8100","8340","",
"Upper middle income","UMC","GNI per capita, PPP (current international $)","NY.GNP.PCAP.PP.CD","","","","","","","","","","","","","","","","","","","","","","","","","","","","","","","2777.1606523074","2952.28971703011","3130.81335453588","3422.65248273852","3645.3032469013","3816.77154901629","4063.72070586992","4321.12229903492","4507.35761572643","4647.9151636734","5001.88374985155","5240.49802797275","5519.97846635929","5914.14666091571","6509.6797683951","7189.08292261718","8055.35906931765","9006.22690605609","9753.55866371188","10102.2070583505","10950.9494956755","11825.3626871776","12637.1094377122","",
"Uruguay","URY","GNI per capita, PPP (current international $)","NY.GNP.PCAP.PP.CD","","","","","","","","","","","","","","","","","","","","","","","","","","","","","","","5920","6380","7030","7340","7970","7980","8540","9410","9880","9840","9820","9640","9110","8940","9630","10830","11680","12750","13780","14080","15400","16740","17740","",
"United States","USA","GNI per capita, PPP (current international $)","NY.GNP.PCAP.PP.CD","","","","","","","","","","","","","","","","","","","","","","","","","","","","","","","23730","24180","25180","26000","27350","28550","29980","31620","33230","34850","36930","37860","38590","39960","42260","44740","47390","48420","48650","47240","48880","50860","52610","",
"Uzbekistan","UZB","GNI per capita, PPP (current international $)","NY.GNP.PCAP.PP.CD","","","","","","","","","","","","","","","","","","","","","","","","","","","","","","","","","1750","1710","1630","1620","1640","1710","1780","1860","1940","2030","2130","2240","2470","2710","2950","3420","3810","3970","4230","4590","4970","",
"St. Vincent and the Grenadines","VCT","GNI per capita, PPP (current international $)","NY.GNP.PCAP.PP.CD","","","","","","","","","","","","","","","","","","","","","","","","","","","","","","","3520","3670","4120","4200","4100","4250","4420","5100","5390","5610","5770","6050","6520","7060","7480","7930","8890","9520","9830","9810","9590","9790","10280","",
"Venezuela, RB","VEN","GNI per capita, PPP (current international $)","NY.GNP.PCAP.PP.CD","","","","","","","","","","","","","","","","","","","","","","","","","","","","","","","9260","10300","10720","10770","10460","10950","10910","11520","11470","10870","11340","11710","10500","9720","11550","13150","14780","16510","17250","16350","15960","16580","17480","",
"Virgin Islands (U.S.)","VIR","GNI per capita, PPP (current international $)","NY.GNP.PCAP.PP.CD","","","","","","","","","","","","","","","","","","","","","","","","","","","","","","","","","","","","","","","","","","","","","","","","","","","","","","",
"Vietnam","VNM","GNI per capita, PPP (current international $)","NY.GNP.PCAP.PP.CD","","","","","","","","","","","","","","","","","","","","","","","","","","","","","","","910","990","1100","1190","1320","1480","1610","1740","1830","1930","2070","2230","2370","2560","2780","3050","3310","3580","3810","3950","4230","4510","4780","",
"Vanuatu","VUT","GNI per capita, PPP (current international $)","NY.GNP.PCAP.PP.CD","","","","","","","","","","","","","","","","","","","","","","","","","","","","","","","1680","1550","1540","1670","1630","1750","1740","1800","2030","2050","2110","2110","1930","1990","2060","2150","2400","2510","2780","2740","2780","2820","2790","",
"West Bank and Gaza","PSE","GNI per capita, PPP (current international $)","NY.GNP.PCAP.PP.CD","","","","","","","","","","","","","","","","","","","","","","","","","","","","","","","","","","","","","","","","","","","","","","","","","","","","","","",
"World","WLD","GNI per capita, PPP (current international $)","NY.GNP.PCAP.PP.CD","","","","","","","","","","","","","","","","","","","","","","","","","","","","","","","5238.90642026385","5411.53267918414","5562.70237775052","5759.47983035443","5994.15097027114","6236.88661646999","6520.39475320207","6818.52866301097","6990.66884989213","7226.10711973833","7674.19024687167","7950.52864161734","8202.37101329328","8579.65872601101","9174.89528874596","9806.64653227988","10671.5673595168","11393.7749193535","11904.7188775901","11877.0483477909","12496.9089627916","13169.7610595994","13720.3049391645","",
"Samoa","WSM","GNI per capita, PPP (current international $)","NY.GNP.PCAP.PP.CD","","","","","","","","","","","","","","","","","","","","","","","","","","","","","","","3090","3060","2990","3200","2130","2320","2620","2650","2750","2830","3080","3370","3540","3600","3940","4040","4140","4290","4670","4410","4560","4630","4750","",
"Yemen, Rep.","YEM","GNI per capita, PPP (current international $)","NY.GNP.PCAP.PP.CD","","","","","","","","","","","","","","","","","","","","","","","","","","","","","","","2200","2240","2380","2420","2510","2530","2480","2570","2770","2730","2920","3040","3100","3150","3240","3440","3690","3830","3910","4100","4300","3790","3840","",
"South Africa","ZAF","GNI per capita, PPP (current international $)","NY.GNP.PCAP.PP.CD","","","","","","","","","","","","","","","","","","","","","","","","","","","","","","","6170","6250","6160","6260","6480","6670","6910","7050","6980","7070","7350","7510","7800","8060","8620","9240","9930","10460","10920","10810","11160","11580","11930","",
"Congo, Dem. Rep.","COD","GNI per capita, PPP (current international $)","NY.GNP.PCAP.PP.CD","","","","","","","","","","","","","","","","","","","","","","","","","","","","","","","480","440","390","340","300","290","310","290","290","260","250","240","260","270","290","300","330","340","340","360","380","400","430","",
"Zambia","ZMB","GNI per capita, PPP (current international $)","NY.GNP.PCAP.PP.CD","","","","","","","","","","","","","","","","","","","","","","","","","","","","","","","1500","1470","1470","1600","1470","1430","1520","1560","1500","1540","1590","1670","1720","1810","1830","1910","1990","2050","2250","2490","2500","2710","2880","",
"Zimbabwe","ZWE","GNI per capita, PPP (current international $)","NY.GNP.PCAP.PP.CD","","","","","","","","","","","","","","","","","","","","","","","","","","","","","","","1320","1400","1260","1290","1400","1400","1560","1590","1600","1610","1570","1630","1510","1280","1230","1190","1170","1150","930","1020","1160","1260","1310","",
